{"cameraMode":{"drawMode":0,"name":"Shaded","section":"Shading Mode"},"sceneLighting":true,"audioPlay":false,"sceneViewState":{"m_AlwaysRefresh":false,"showFog":true,"showSkybox":true,"showFlares":true,"showImageEffects":true,"showParticleSystems":true,"showVisualEffectGraphs":true,"m_FxEnabled":true},"in2DMode":false,"pivot":{"x":102.68125915527344,"y":353.5400085449219,"z":4.045281410217285},"rotation":{"x":0.01006363146007061,"y":0.9878459572792053,"z":-0.07243926078081131,"w":0.13719461858272553},"size":4.095066547393799,"orthographic":true}