{"cameraMode":{"drawMode":0,"name":"Shaded","section":"Shading Mode"},"sceneLighting":true,"audioPlay":false,"sceneViewState":{"m_AlwaysRefresh":false,"showFog":true,"showSkybox":true,"showFlares":true,"showImageEffects":true,"showParticleSystems":true,"showVisualEffectGraphs":true,"m_FxEnabled":true},"in2DMode":false,"pivot":{"x":102.05333709716797,"y":354.2998352050781,"z":5.9186859130859379},"rotation":{"x":0.08694901317358017,"y":0.7160856127738953,"z":-0.6866328716278076,"w":0.09070969372987747},"size":2.901355028152466,"orthographic":true}